{"average_base_punisher_policy": {"Punishment-only": {"Not-punish": 0.7631280336750512, "Punish": 0.23687196632495222}, "Help-only": {"Not-help": 0.3814274573754841, "Help": 0.618572542624515}, "Both - H": {"Not-punish": 0.7631280336750512, "Punish": 0.23687196632495222}, "Both - NH": {"Not-punish": 0.7631280336750512, "Punish": 0.23687196632495222}, "Both - P": {"Not-help": 0.3814274573754841, "Help": 0.618572542624515}, "Both - NP": {"Not-help": 0.3814274573754841, "Help": 0.618572542624515}}, "average_pragmatic_punisher_policy_high": {"Punishment-only": {"Not-punish": 0.5647141552112207, "Punish": 0.4352858447887847}, "Help-only": {"Not-help": 0.030610673970191533, "Help": 0.9693893260298092}, "Both - H": {"Not-punish": 0.6734066620879158, "Punish": 0.3265933379120867}, "Both - NH": {"Not-punish": 0.6510309141025606, "Punish": 0.3489690858974404}, "Both - P": {"Not-help": 0.03443024088082741, "Help": 0.9655697591191742}, "Both - NP": {"Not-help": 0.03125263488144034, "Help": 0.9687473651185563}}, "average_pragmatic_punisher_policy_low": {"Punishment-only": {"Not-punish": 0.6267215852957687, "Punish": 0.3732784147042286}, "Help-only": {"Not-help": 0.07238514866297636, "Help": 0.9276148513370241}, "Both - H": {"Not-punish": 0.700676650125063, "Punish": 0.2993233498749417}, "Both - NH": {"Not-punish": 0.6854166278739472, "Punish": 0.314583372126054}, "Both - P": {"Not-help": 0.07808160694308808, "Help": 0.921918393056911}, "Both - NP": {"Not-help": 0.07335999923553706, "Help": 0.9266400007644633}}, "audience_judgement": {"Punishment-only": {"Not-punish": 0.47153686272122525, "Punish": 0.6119494891073729}, "Help-only": {"Not-help": 0.28429118551657306, "Help": 0.7857326602838474}, "Both - H": {"Not-punish": 0.7685082213510366, "Punish": 0.8369895780999229}, "Both - NH": {"Not-punish": 0.2703659277002702, "Punish": 0.354322394556907}, "Both - P": {"Not-help": 0.354322394556907, "Help": 0.8369895780999229}, "Both - NP": {"Not-help": 0.2703659277002702, "Help": 0.7685082213510366}}}