{"average_base_punisher_policy": {"No-gain": {"Not-punish": 0.3246226405606818, "Punish": 0.6753773594393153}, "Small-gain": {"Not-punish": 0.20563812197532189, "Punish": 0.7943618780246782}}, "average_pragmatic_punisher_policy_high": {"No-gain": {"Not-punish": 0.32462264056068185, "Punish": 0.6753773594393153}, "Small-gain": {"Not-punish": 0.7134698994303266, "Punish": 0.2865301005696767}}, "average_pragmatic_punisher_policy_low": {"No-gain": {"Not-punish": 0.32462264056068196, "Punish": 0.6753773594393153}, "Small-gain": {"Not-punish": 0.5685181043842459, "Punish": 0.43148189561575784}}, "audience_judgement": {"No-gain": {"Not-punish": 0.5000000000000054, "Punish": 0.5000000000000054}, "Small-gain": {"Not-punish": 0.8250456164077863, "Punish": 0.4514033237912483}}}