{"average_base_punisher_policy": {"No-gain": {"Not-punish": 0.20582050116867842, "Punish": 0.7941794988313221}, "Small-gain": {"Not-punish": 0.1931867881184729, "Punish": 0.806813211881528}, "Large-gain": {"Not-punish": 0.01972592934024038, "Punish": 0.9802740706597673}}, "average_pragmatic_punisher_policy_high": {"No-gain": {"Not-punish": 0.20582050116867842, "Punish": 0.7941794988313221}, "Small-gain": {"Not-punish": 0.32873385896242674, "Punish": 0.6712661410375754}, "Large-gain": {"Not-punish": 0.20114747573425756, "Punish": 0.7988525242657473}}, "average_pragmatic_punisher_policy_low": {"No-gain": {"Not-punish": 0.20582050116867848, "Punish": 0.7941794988313219}, "Small-gain": {"Not-punish": 0.28980216297254585, "Punish": 0.7101978370274552}, "Large-gain": {"Not-punish": 0.13192809534607758, "Punish": 0.8680719046539255}}, "audience_judgement": {"No-gain": {"Not-punish": 0.5000000000000054, "Punish": 0.5000000000000054}, "Small-gain": {"Not-punish": 0.5921750066917585, "Punish": 0.4783717013777721}, "Large-gain": {"Not-punish": 1.0000000000000109, "Punish": 0.4999999997423722}}}