{"average_base_punisher_policy": {"Punisher": {"Not-punish": 0.9249283298337257, "Punish": 0.07507167016627506}}, "average_pragmatic_punisher_policy_high": {"Punisher": {"Not-punish": 0.4224717533021719, "Punish": 0.577528246697829}}, "average_pragmatic_punisher_policy_low": {"Punisher": {"Not-punish": 0.605793927581944, "Punish": 0.3942060724180568}}, "audience_judgement": {"Punisher": {"Not-punish": 0.4830825702862128, "Punish": 0.9490983664481528}}}