IV,punish_prob,punish_prob_se
No-gain,0.71,0.0453762052181537
Small-gain,0.38,0.0494105884401309