IV,punish_willingness,punish_willingness_se
No-gain,5.58,0.119197405132722
Small-gain,4.7,0.143963150149739
Large-gain,5.59,0.131928010672488